<?xml version="1.0" encoding="UTF-8"?>
<!DOCTYPE mapper
PUBLIC "-//mybatis.org//DTD Mapper 3.0//EN"
"http://mybatis.org/dtd/mybatis-3-mapper.dtd">
<mapper namespace="com.ssafy.product.model.dao.ProductDao">
	
	<select id="selectAll" resultType ="Product">
		SELECT * from product
	</select>
	
	<select id="selectOne" parameterType="int" resultType = "Product">
		SELECT * FROM product WHERE p_id = #{p_id}
	</select>
	
	<insert id="insertProduct" parameterType="Product">
		INSERT INTO product (p_name, p_price, p_description)
		VALUES (#{p_name},#{p_price},#{p_description})
	</insert>
	
	<delete id="deleteProduct" parameterType="int">
		DELETE FROM product
		WHERE p_id = #{p_id}
	</delete>
	
	<update id="updateProduct" parameterType="Product">
		UPDATE product
		SET p_name = #{p_name}, p_price = #{p_price}, p_description = #{p_description}
		WHERE p_id = #{p_id}
	</update>
</mapper>